{
  "name": "baileys-zdg",
  "version": "0.1.0",
  "private": true,
  "dependencies": {
    "axios": "^0.19.2",
    "bootstrap": "^4.6.1",
    "jquery": "^3.5.0",
    "react": "^16.13.1",
    "react-dom": "^16.13.1",
    "react-router-dom": "^5.1.2",
    "react-scripts": "3.4.1"
  },
  "scripts": {
    "start": "react-scripts start",
    "build": "react-scripts build",
    "test": "react-scripts test",
    "eject": "react-scripts eject"
  },
  "eslintConfig": {
    "extends": "react-app"
  },
  "browserslist": {
    "production": [
      ">0.2%",
      "not dead",
      "not op_mini all"
    ],
    "development": [
      "last 1 chrome version",
      "last 1 firefox version",
      "last 1 safari version"
    ]
  }
}
